store_id,name,category
1,141 Portfolio Toy Co.,Toys
2,Absolute Action,Toys
3,Action Dexter,Toys
4,Action Toy,Toys
5,Adventure Quest,Fantasy
6,Adventure Toys,Fantasy
7,Advice From A Caterpillar,Books
8,Air Hogs,Models
9,Airsoft,Toys
10,Alexandr Toy Store,Toys
11,All Games,Games/Puzzles
12,All Toy Joy,Toys
13,Along Age Toy Company,Learning/Development
14,Ambassador Toys,Toys
15,American Girl Place,Toys
16,American Girl,Toys
17,Amusing Trinkets,Toys
18,Applied Minds,Learning/Development
19,Archie McPhee,Toys
20,Ardenta Toy Co.,Toys
21,Aspire Toy Co.,Toys
22,Atomic Age,Learning/Development
23,Aurora World Inc.,Toys
24,Babyland Toys,Learning/Development
25,Baby Colors,Infants
26,Babygame,Learning/Development
27,Wow Toy Company,Toys
28,Batteries-N-Gadgets,Electronics
29,Bay Blocks Toys,Toys
30,Beany Berry,Toys
31,BeingFull Toys,Toys
32,Bella Christmas Toys,Toys
33,BelleBlue Company,Toys
34,Benjo Inc.,Toys
35,Bergo Designs,Toys
36,"E-Games, Inc.",Electronics
37,Big Monster Toys,Toys
38,Blue Epic Toys,Toys
39,BlueCap Toy Company,Toys
40,BlueGram Toy Co.,Toys
41,Brainy Bear,Learning/Development
42,BrainyZoo Toys,Learning/Development
43,Bruder Toys America,Toys
44,Bubble Beat Toy Company,Toys
45,Build A Bear,Stuffed Animals
46,Building Blocks Toy Store,Toys
47,Bungee ball,Toys
48,Ca Toy Company,Toys
49,Charles Ro Supply Company,Toys
50,Charming Toys Company,Toys
51,Cheeky Monkey Toys,Stuffed Animals
52,Chest Of Toys,Toys
53,Childhood Quest,Toys
54,Christmas Gamers,Games/Puzzles
55,Christmas Prodigy,Toys
56,Christmas Rascals,Stuffed Animals
57,Christy’s Toy Outlet,Toys
58,Clinch Toys,Toys
59,Co Co Wish,Toys
60,Cobrook Toy Co.,Toys
61,Toy Collective,Toys
62,Come As You Are,Learning/Development
63,Cookie toys,Toys
64,Coolkiddo Wooden Toys and Furniture,Wooden Toys
65,Cortex Toys,Learning/Development
66,Cosmix Pixel,Electronics
67,Creation Kingdom,Learning/Development
68,Creative Kids LLC,Learning/Development
69,Creekside Toys,Toys
70,Crispy Click Toy Co.,Toys
71,Crocodile Toy Shop,Toys
72,Curious Pixels,Electronics
73,Dazzled by Dolls,Dolls
74,Dellish Toys,Toys
75,Deluxe Reading,Books
76,Diagon House,Fantasy
77,Diggi Toys,Electronics
78,Dinosaur Farm,Toys
79,Discovery Toys,Learning/Development
80,Disney Store,Toys
81,Doll Play,Toys
82,Doll Plays,Toys
83,Dollhouse Ventures,Toys
84,DragonToy,Toys
85,Duncan Toys Company,Toys
86,Dune Craft,Toys
87,Durutech Inc,Toys
88,Eagerlynn Toy Company,Toys
89,Easy Toys,Toys
90,EB Games,Games/Puzzles
91,Epic Toy Fly,Models
92,Euphoric Birds Toy,Toys
93,Explore Brains,Learning/Development
94,Explore Technologies,Learning/Development
95,Factory Direct,Toys
96,Fair Game,Games/Puzzles
97,Fairway Importers,Toys
98,FAO Schwarz,Toys
99,Big Brain Toys,Learning/Development
100,Fiesta Toys,Toys
101,First Fly Toys,Toys
102,Five Little Monkeys,Toys
103,Flabbo Company,Toys
104,FLIP,Toys
105,Fluffy Toy Toy Co.,Toys
106,Freesby Frog,Toys
107,Fun Fall,Toys
108,Fun for All,Toys
109,Fun Mountain Toys,Toys
110,Fun@wheels,Models
111,Fundemonium,Toys
112,Funkey monkey,Toys
113,Funko Suprise,Toys
114,FunPress Company,Books
115,Funrise Games,Games/Puzzles
116,Funrise Inc.,Toys
117,Galt Toys,Toys
118,Game Face,Games/Puzzles
119,Game TV,Electronics
120,Games People Play Inc,Games/Puzzles
121,Games Workshop,Games/Puzzles
122,GameZone,Games/Puzzles
123,Genuine toys,Toys
124,Geppetto’s Toys,Toys
125,Giant Mob Toy Co.,Models
126,Go! Toys and Games,Toys
127,Good Boy Company,Toys
128,Good Deal Toys,Toys
129,Grandrabbits Toy Shoppe,Toys
130,Grasshopper Toys,Toys
131,Green point Toys,Toys
132,GreyoPop Toy Company,Toys
133,Groomin Toys,Toys
134,Gummy World,Candy
135,Happy Baby,Learning/Development
136,Happy Factory Inc.,Learning/Development
137,Happy Hues,Learning/Development
138,Happy Place,Learning/Development
139,Happy Spin,Games/Puzzles
140,Happy Toy Zone,Learning/Development
141,Happydolls,Dolls
142,Happy Childhood,Learning/Development
143,Harrison Direct,Toys
144,Hawk Model Company,Models
145,HeavenBirds,Models
146,Hey Kiddo,Toys
147,Hobby Co,Hobby
148,Hobby Smart,Hobby
149,Holiday Ignite,Toys
150,Horton Toy Store,Toys
151,House Marvell,Toys
152,House of fun,Toys
153,Imagination Station Educational Toy Depot,Learning/Development
154,Imperial Toys,Toys
155,In Demand Toys,Toys
156,In the Treehouse,Toys
157,Indigo Books & Music,Books
158,Industrial Toy Studio,Toys
159,Infant Land,Learning/Development
160,International Multimedia,Games/Puzzles
161,International Toy Inc.,Toys
162,Isaias Toy store,Toys
163,Jacks Toy Store,Toys
164,Jada Toys,Toys
165,Jakks Pacific Inc.,Toys
166,Jeffrey’s Toys,Toys
167,Joy Of Toys,Toys
168,JR Toy Company,Toys
169,Jumping frog,Toys
170,Juno Baby,Learning/Development
171,Just For Fun,Toys
172,Just Play,Toys
173,Kahootz Toys,Toys
174,Kaleidoscope Toys,Learning/Development
175,Karen’s Toys,Toys
176,Kazoo & Company,Toys
177,Keen Now,Toys
178,Kelly The Robot,Toys
179,Kellytoy USA,Toys
180,Kid Brands,Toys
181,Kid land,Toys
182,Kid Palace,Toys
183,Kid Robot,Toys
184,Kidding Claus,Toys
185,Kiddokid Toy Company,Toys
186,kids at home,Toys
187,Kids Boutique,Toys
188,Kids Place,Toys
189,Kidtask Company,Toys
190,Kinder Kookies,Candy
191,King Legends,Toys
192,King of Toys,Toys
193,Kip’s Toyland,Toys
194,Kitty Katty,Toys
195,Knock Knock,Toys
196,Kol Kid,Toys
197,Lakeshore Learning Store,Learning/Development
198,LARK Toys,Toys
199,LayingBirds,Toys
200,Learning Express,Learning/Development
201,Learning Express Toys,Learning/Development
202,Learning Point Toys,Learning/Development
203,Let the Games Begin,Games/Puzzles
204,Let’s Play,Toys
205,Let’s Play First,Learning/Development
206,Let’s Play Toys,Toys
207,Little Citizens Boutique,Learning/Development
208,Little Fun Store,Toys
209,Little Peeps,Learning/Development
210,Little Sapling Toys,Toys
211,little whimsy,Toys
212,Lucky Chan,Toys
213,Lullaby Toys,Toys
214,MadSwag Toy Co.,Toys
215,Magic Mastro,Toys
216,Magic Mouse Toys,Toys
217,Magic Pals Place,Toys
218,Maisto International Inc.,Toys
219,Marvell,Toys
220,Marvell Joss Toys,Toys
221,Maui Toys,Toys
222,Maya Toys,Toys
223,Mayer Studio Toy,Toys
224,MayerMade Toy Co.,Toys
225,Mega Toys,Toys
226,Megatoyopolis,Toys
227,Mid Town Toys,Toys
228,Milligram games,Games/Puzzles
229,MiniMore Toy Co.,Toys
230,Mobile Moose,Toys
231,Monster Minds,Learning/Development
232,Montclair Toyhouse,Toys
233,More Toys,Toys
234,Morris’s Toy Co.,Toys
235,Mosstue Toy Company,Toys
236,Mr Mopps’ Toy Shop,Toys
237,MustB 10 Toys,Models
238,My Toy Child,Learning/Development
239,MyFavor Toy Company,Toys
240,NatureNest,Toys
241,Navito World,Toys
242,NDA TOYS,Toys
243,New Ray Toys Inc.,Toys
244,Nexxon Toy Co.,Toys
245,Nightmare Toys,Toys
246,Nintendo,Electronics
247,Nintendo World,Electronics
248,NobleToyz,Toys
249,NorthDecent Toys,Toys
250,Northlay Toy Co.,Toys
251,Octagon Toy Co.,Toys
252,Ogexpo Toy,Toys
253,Ok Play,Toys
254,Old Toy Fiesta,Toys
255,Once Upon A Child,Clothing
256,One-Stop Toys,Toys
257,Paper Doll Style,Learning/Development
258,Peas In A Pod,Learning/Development
259,Peter McCann Architectural Models Inc.,Models
260,Phillips Frey Toy Company,Toys
261,Phillips Toy Mart,Toys
262,Pixie Toys,Toys
263,Play Around,Toys
264,Play back,Toys
265,Play Group,Toys
266,Play It Fair,Toys
267,Play Time,Toys
268,Playdays Collectibles,Collectibles
269,Players Zone,Games
270,Playful Minds,Learning/Development
271,Playmates Toy Inc.,Toys
272,Playthings Etc.,Toys
273,POWERUP Toys,Electronics
274,President Toy Co.,Toys
275,Professor Toy,Toys
276,Puzzle pie Toys,Games/Puzzles
277,Puzzled,Games/Puzzles
278,Radio Flyer,Models
279,Rascals Toy Shop,Toys
280,Rattle And Roll,Infant
281,Rattles And Rolls,Infant
282,Red Fountain Toy Co.,Toys
283,Red Mount Toy Company,Toys
284,Renewed Past,Toys
285,Robot Galaxy,Toys
286,RoboToy,Toys
287,RockWish Toy Co.,Toys
288,Safari Inc.,Toys
289,Safe Shop Toys,Toys
290,San Marino Toy & Book Shoppe,Books
291,Santa Toy,Toys
292,Scooter Toys,Toys
293,Shift world,Toys
294,Shine Toy Store,Toys
295,Skinny Otter Toy Co.,Toys
296,Snoopy Boutique,Toys
297,ToyCity,Toys
298,Something Sweet,Candy
299,Space toys,Toys
300,Sphero,Toys
301,Squirt’s Toys & Learning Co,Learning/Development
302,Stave Puzzles,Toys
303,Store Playmate,Toys
304,Store Tadpole,Toys
305,Toytastic,Toys
306,Stork Store,Learning/Development
307,Sugar Bundles,Candy
308,Sunward Hobbies,Hobbies
309,Fantasy Land Toys,Games/Puzzles
310,Super Phactory,Toys
311,SuperCool Toy Co.,Toys
312,SuperToy,Toys
313,SuperWish,Toys
314,Swan Toy Store,Toys
315,Sweet Dreams Toy Store,Toys
316,Sweet Toys,Toys
317,Team Play,Toys
318,Terrific Wood Toys,Wooden Toys
319,The Acorn Toy Store,Wooden Toys
320,The Brain Gym,Learning/Development
321,The Creative Carpenter,Learning/Development
322,The Dinosaur Farm,Toys
323,The Enchanted Toy Store,Learning/Development
324,The Game Face,Games/Puzzles
325,The Green Bean,Learning/Development
326,The Holiday Tree,Toys
327,The Kiddie Company,Learning/Development
328,The Lanyard,Toys
329,The Liberty Little,Toys
330,The Little Doll House,Toys
331,The MoonShine Toy,Toys
332,The Puzzle Hut,Games/Puzzles
333,The Red Balloon,Toys
334,The Toy King,Toys
335,The Toy Mountain,Toys
336,The Toy Shop,Toys
337,The Toy Store Quincy,Toys
338,The Toyagator,Toys
339,The Wishing Well,Toys
340,ThinkFun,Learning/Development
341,Tick a Toy,Wooden Toys
342,Tiddle Zone,Games/Puzzles
343,Tiddlewink,Games/Puzzles
344,Tiger Electronics,Electronics
345,Timeless Tales,Toys
346,Tiny Rainbows,Toys
347,Tiny Tong,Toys
348,To-Yo,Toys
349,Tom’s Model,Toys
350,Ton O’ Fun,Toys
351,Too Unique,Toys
352,Toronto Toys,Toys
353,Total Toy Parade,Toys
354,Toy & Trains,Models
355,Toy Biz,Toys
356,Toy Box Trinkets,Toys
357,Toy Castaways,Toys
358,Toy Centre,Toys
359,Toy Chest,Toys
360,Toy City Plus,Toys
361,Toy Creations,Learning/Development
362,Toy daze,Toys
363,Toy Explorer,Learning/Development
364,Toy Fanatics,Toys
365,Toy for lots,Toys
366,Toy Gamy,Toys
367,Toy Go Round,Toys
368,Toy Grasshopper,Toys
369,Toy Joy,Toys
370,Toy Jungle,Toys
371,Toy Kingdom,Toys
372,Toy League,Toys
373,Toy Legender,Toys
374,Toy Mandala,Toys
375,Toy paloosa,Toys
376,Toy Professor,Learning/Development
377,Toy Safari,Toys
378,Toy Sprites,Toys
379,Toy sprout,Toys
380,Toy Stone Dots,Toys
381,TOY store KID,Toys
382,Toy Tadpole,Infants
383,Toy Terminal,Toys
384,Toy Toddler,Toddlers
385,Toy track,Toys
386,Toy Truffels,Toys
387,Toy Vault,Toys
388,Toy Warehouse,Toys
389,Toy Wiz,Toys
390,Toy Zone,Toys
391,Toy-Zilla,Toys
392,ToyCrazy,Toys
393,ToYellow,Toys
394,Toyman,Toys
395,Toymaster,Toys
396,Toyporium,Toys
397,Toys & Games,Games/Puzzles
398,Toys and Hobbies,Hobbies
399,Toys And Laughs,Toys
400,Toys And More,Toys
401,Toys And Treats,Toys
402,Toys For Toddlers,Toddlers
403,Toys From The Stork,Learning/Development
404,Toys Over Toys,Toys
405,Toys R Fun,Toys
406,Toys Toys Toys,Toys
407,Toys Unique,Toys
408,Toysmart,Toys
409,Toysmith,Toys
410,Toyster Vintager,Toys
411,Toyz In The Box,Toys
412,Treasure Babies,Learning/Development
413,Treasure Island Toys Ltd,Toys
414,Treehouse Collectibles,Toys
415,Trendmasters,Toys
416,TroTro Toys Toys,Toys
417,Truffleberry Toy Co.,Toys
418,Twenty One Toys,Toys
419,TwoDudes Toy Co.,Toys
420,Urban Cross Toys,Toys
421,Urban Toy Company,Toys
422,Verdes Toys Corporation,Toys
423,Victory Times,Toys
424,Village Toy Store,Toys
425,Vintage Wings,Models
426,Vinto Toy Crafts,Toys
427,Waldorf Toys,Toys
428,WhiteCrest Toys,Toys
429,WhitePaper Toy Co.,Toys
430,Wholesale Central,Toys
431,Wholesale Toys,Toys
432,Willikers Toy Emporium,Toys
433,Wit & Whimsy Toys,Toys
434,Wonder Toys,Learning/Development
435,Wonderland Toy,Toys
436,Wooden Bassinet,Wooden Toys
437,Wooden Toy Store,Wooden Toys
438,YellowSmith Toys,Toys
439,YogoSpace Toy Co.,Toys
440,YolkeDots Toy Company,Toys
441,Yoyo toy world,Toys
442,Zammy Company,Learning/Development